index,Total number of flights
AAA,2.0
AAE,14.0
AAL,28.0
AAN,4.0
AAQ,8.0
AAR,20.0
AAT,4.0
AAX,9.0
AAY,5.0
ABA,6.0
ABB,4.0
ABD,16.0
ABE,22.0
ABI,2.0
ABJ,82.0
ABK,2.0
ABL,8.0
ABM,2.0
ABQ,75.0
ABR,2.0
ABS,3.0
ABT,6.0
ABV,59.0
ABX,10.0
ABY,2.0
ABZ,85.0
ACA,15.0
ACC,73.0
ACE,236.0
ACH,4.0
ACI,4.0
ACK,13.0
ACP,2.0
ACR,4.0
ACT,2.0
ACV,6.0
ACX,10.0
ACY,14.0
ADA,30.0
ADB,113.0
ADD,222.0
ADE,50.0
ADF,2.0
ADK,2.0
ADL,88.0
ADQ,18.0
ADU,4.0
ADZ,20.0
AEB,4.0
AEG,2.0
AEP,185.0
AER,60.0
AES,20.0
AET,5.0
AEX,6.0
AEY,2.0
AFA,4.0
AFL,6.0
AFT,2.0
AFZ,2.0
AGA,54.0
AGB,2.0
AGF,2.0
AGH,10.0
AGM,2.0
AGN,2.0
AGP,356.0
AGS,10.0
AGT,8.0
AGU,14.0
AGX,2.0
AHB,24.0
AHE,2.0
AHN,2.0
AHO,62.0
AHU,2.0
AIA,12.0
AIN,4.0
AIT,5.0
AIU,3.0
AJA,35.0
AJF,4.0
AJI,4.0
AJL,14.0
AJN,2.0
AJR,4.0
AJU,36.0
AKB,2.0
AKI,8.0
AKJ,18.0
AKK,2.0
AKL,227.0
AKN,10.0
AKP,6.0
AKS,2.0
AKU,7.0
AKV,4.0
AKX,16.0
AKY,9.0
ALA,166.0
ALB,46.0
ALC,270.0
ALF,18.0
ALG,138.0
ALH,8.0
ALO,2.0
ALP,3.0
ALS,8.0
ALW,2.0
ALZ,1.0
AMA,12.0
AMD,71.0
AMH,2.0
AMM,232.0
AMQ,20.0
AMS,938.0
AMV,2.0
ANC,118.0
ANE,2.0
ANF,28.0
ANI,20.0
ANM,6.0
ANR,2.0
ANS,4.0
ANU,60.0
ANV,4.0
ANX,7.0
AOE,2.0
AOI,26.0
AOJ,12.0
AOK,9.0
AOO,4.0
AOR,8.0
AOS,2.0
APF,2.0
APL,14.0
APN,4.0
APO,6.0
APW,12.0
AQG,11.0
AQI,4.0
AQJ,2.0
AQP,22.0
ARC,4.0
ARH,24.0
ARI,16.0
ARK,2.0
ARM,2.0
ARN,404.0
ART,2.0
ARU,12.0
ARW,2.0
ASB,32.0
ASE,2.0
ASF,10.0
ASJ,4.0
ASM,12.0
ASO,2.0
ASP,20.0
ASR,12.0
ASU,24.0
ASW,6.0
ATA,2.0
ATD,3.0
ATH,370.0
ATK,4.0
ATL,808.0
ATM,11.0
ATQ,28.0
ATT,4.0
ATW,14.0
ATY,2.0
ATZ,12.0
AUA,67.0
AUC,4.0
AUG,2.0
AUH,443.0
AUK,5.0
AUQ,8.0
AUR,2.0
AUS,129.0
AUU,3.0
AUX,12.0
AUY,2.0
AVL,20.0
AVN,4.0
AVP,14.0
AVV,4.0
AWD,3.0
AWZ,38.0
AXA,9.0
AXD,7.0
AXK,2.0
AXM,4.0
AXP,4.0
AXR,2.0
AXT,16.0
AXU,4.0
AYP,4.0
AYQ,12.0
AYT,246.0
AZA,62.0
AZD,13.0
AZN,6.0
AZO,6.0
AZS,6.0
BAH,227.0
BAL,6.0
BAQ,20.0
BAS,2.0
BAV,39.0
BAX,4.0
BAY,4.0
BAZ,8.0
BBA,12.0
BBI,34.0
BBK,6.0
BBN,4.0
BBO,19.0
BCA,4.0
BCD,14.0
BCI,2.0
BCM,4.0
BCN,682.0
BDA,24.0
BDB,2.0
BDH,2.0
BDJ,29.0
BDL,83.0
BDO,48.0
BDP,4.0
BDQ,17.0
BDS,64.0
BDU,2.0
BEB,6.0
BEG,136.0
BEJ,4.0
BEL,99.0
BEN,43.0
BES,30.0
BET,58.0
BEU,4.0
BEW,14.0
BEY,154.0
BFD,4.0
BFF,12.0
BFI,8.0
BFL,10.0
BFN,10.0
BFQ,2.0
BFS,77.0
BFV,2.0
BGA,12.0
BGF,24.0
BGI,46.0
BGM,6.0
BGO,121.0
BGR,14.0
BGW,27.0
BGY,196.0
BHB,2.0
BHD,36.0
BHE,6.0
BHH,6.0
BHI,12.0
BHJ,6.0
BHK,13.0
BHM,58.0
BHO,30.0
BHQ,8.0
BHR,4.0
BHS,4.0
BHU,6.0
BHV,7.0
BHX,271.0
BHY,32.0
BIA,36.0
BID,2.0
BIK,8.0
BIL,33.0
BIO,124.0
BIQ,26.0
BIR,8.0
BIS,12.0
BJA,8.0
BJB,2.0
BJF,8.0
BJI,4.0
BJL,38.0
BJM,31.0
BJR,3.0
BJV,79.0
BJX,23.0
BJZ,8.0
BKC,8.0
BKG,12.0
BKI,91.0
BKK,595.0
BKM,2.0
BKO,82.0
BKQ,2.0
BKS,4.0
BKW,4.0
BKZ,2.0
BLA,22.0
BLD,2.0
BLE,4.0
BLI,18.0
BLJ,8.0
BLK,14.0
BLL,88.0
BLQ,173.0
BLR,211.0
BLZ,11.0
BMA,68.0
BMD,2.0
BME,44.0
BMI,16.0
BMU,2.0
BMV,11.0
BMY,3.0
BNA,127.0
BND,36.0
BNE,300.0
BNI,4.0
BNK,9.0
BNN,10.0
BNS,4.0
BNX,4.0
BNY,4.0
BOB,12.0
BOC,3.0
BOD,108.0
BOG,298.0
BOH,54.0
BOI,52.0
BOJ,12.0
BOM,489.0
BON,20.0
BOO,37.0
BOS,370.0
BOY,4.0
BPL,2.0
BPN,56.0
BPS,28.0
BPX,4.0
BQB,8.0
BQK,2.0
BQL,4.0
BQN,8.0
BQS,14.0
BRA,16.0
BRC,14.0
BRD,2.0
BRE,89.0
BRI,113.0
BRL,4.0
BRM,8.0
BRN,54.0
BRO,8.0
BRQ,8.0
BRR,4.0
BRS,209.0
BRU,570.0
BRW,12.0
BSA,9.0
BSB,224.0
BSC,2.0
BSD,7.0
BSG,3.0
BSK,6.0
BSL,166.0
BSO,2.0
BSR,10.0
BSS,1.0
BST,2.0
BTH,51.0
BTI,4.0
BTJ,14.0
BTK,6.0
BTM,2.0
BTR,10.0
BTS,36.0
BTT,8.0
BTU,17.0
BTV,24.0
BUA,4.0
BUC,4.0
BUD,201.0
BUF,68.0
BUL,2.0
BUN,4.0
BUQ,2.0
BUR,36.0
BUS,22.0
BUW,2.0
BUZ,12.0
BVA,104.0
BVB,7.0
BVC,28.0
BVE,4.0
BVG,7.0
BVH,6.0
BVI,4.0
BVS,1.0
BVV,2.0
BWA,4.0
BWI,216.0
BWN,46.0
BWT,2.0
BXR,2.0
BXU,12.0
BYC,4.0
BYM,4.0
BYN,4.0
BYO,4.0
BZE,17.0
BZG,14.0
BZN,24.0
BZO,2.0
BZR,14.0
BZV,44.0
CAB,2.0
CAC,16.0
CAE,25.0
CAG,102.0
CAH,2.0
CAI,320.0
CAJ,2.0
CAK,28.0
CAL,2.0
CAN,746.0
CAP,2.0
CAW,15.0
CAY,10.0
CAZ,2.0
CBB,17.0
CBO,10.0
CBQ,4.0
CBR,43.0
CBT,6.0
CCC,8.0
CCF,20.0
CCJ,62.0
CCK,2.0
CCM,8.0
CCP,8.0
CCS,158.0
CCU,216.0
CCV,5.0
CCZ,2.0
CDB,11.0
CDC,2.0
CDG,1009.0
CDJ,2.0
CDR,15.0
CDV,8.0
CEB,148.0
CEC,4.0
CED,2.0
CEE,10.0
CEI,10.0
CEK,31.0
CEM,2.0
CEN,8.0
CEZ,12.0
CFB,4.0
CFC,8.0
CFE,14.0
CFG,4.0
CFK,4.0
CFN,4.0
CFR,4.0
CFS,8.0
CFU,92.0
CGA,10.0
CGB,82.0
CGD,12.0
CGH,109.0
CGI,2.0
CGK,320.0
CGN,267.0
CGO,277.0
CGP,24.0
CGQ,157.0
CGR,47.0
CGY,22.0
CHA,22.0
CHC,82.0
CHE,2.0
CHG,4.0
CHO,14.0
CHQ,67.0
CHS,46.0
CHU,2.0
CHX,2.0
CHY,3.0
CIA,94.0
CIC,2.0
CID,28.0
CIF,14.0
CIH,22.0
CIJ,8.0
CIK,2.0
CIP,2.0
CIT,17.0
CIU,2.0
CIX,4.0
CIZ,3.0
CJA,4.0
CJB,38.0
CJC,17.0
CJJ,18.0
CJL,2.0
CJM,2.0
CJS,20.0
CJU,114.0
CKB,4.0
CKD,2.0
CKG,534.0
CKH,2.0
CKS,22.0
CKX,2.0
CKY,42.0
CLD,2.0
CLE,176.0
CLJ,34.0
CLL,4.0
CLM,2.0
CLO,58.0
CLQ,4.0
CLT,525.0
CLV,4.0
CLY,18.0
CMA,4.0
CMB,169.0
CME,8.0
CMG,4.0
CMH,96.0
CMI,4.0
CMN,207.0
CMP,1.0
CMW,10.0
CMX,2.0
CND,4.0
CNF,150.0
CNJ,4.0
CNM,2.0
CNP,2.0
CNQ,4.0
CNS,103.0
CNX,47.0
CNY,12.0
COD,4.0
COK,121.0
COO,83.0
COQ,6.0
COR,24.0
COS,36.0
COU,4.0
CPC,2.0
CPD,2.0
CPE,4.0
CPH,479.0
CPO,15.0
CPQ,8.0
CPR,4.0
CPT,81.0
CPV,3.0
CQD,8.0
CRA,4.0
CRD,14.0
CRI,4.0
CRK,60.0
CRL,152.0
CRM,4.0
CRP,6.0
CRV,4.0
CRW,14.0
CSG,4.0
CSH,2.0
CSO,2.0
CSX,387.0
CSY,2.0
CTA,175.0
CTC,2.0
CTG,29.0
CTL,8.0
CTM,4.0
CTS,150.0
CTU,579.0
CUC,12.0
CUE,8.0
CUF,10.0
CUK,6.0
CUL,38.0
CUN,229.0
CUQ,2.0
CUR,69.0
CUU,25.0
CUZ,32.0
CVG,140.0
CVJ,6.0
CVM,8.0
CVN,2.0
CVU,4.0
CWA,8.0
CWB,103.0
CWC,4.0
CWL,79.0
CXB,4.0
CXI,10.0
CXJ,7.0
CYB,5.0
CYC,5.0
CYF,6.0
CYO,4.0
CYP,4.0
CYS,2.0
CYX,2.0
CYZ,2.0
CZH,2.0
CZL,24.0
CZM,16.0
CZS,2.0
CZU,4.0
CZX,54.0
DAB,4.0
DAC,118.0
DAD,42.0
DAL,40.0
DAM,23.0
DAR,83.0
DAT,16.0
DAU,8.0
DAV,4.0
DAX,10.0
DAY,42.0
DBA,2.0
DBO,6.0
DBQ,2.0
DBV,86.0
DCA,274.0
DCM,4.0
DCN,2.0
DDC,12.0
DDG,10.0
DEA,4.0
DEB,2.0
DEC,4.0
DED,12.0
DEE,2.0
DEF,2.0
DEL,567.0
DEN,896.0
DFW,602.0
DGA,7.0
DGE,2.0
DGO,10.0
DGT,6.0
DHB,4.0
DHI,4.0
DHM,2.0
DHN,2.0
DIB,10.0
DIE,11.0
DIG,13.0
DIJ,4.0
DIK,12.0
DIL,8.0
DIN,2.0
DIR,6.0
DIU,4.0
DIY,10.0
DJB,12.0
DJE,71.0
DJJ,21.0
DKR,80.0
DLA,85.0
DLC,324.0
DLE,4.0
DLG,4.0
DLH,10.0
DLI,8.0
DLM,127.0
DLU,15.0
DLY,4.0
DLZ,6.0
DMD,6.0
DME,646.0
DMK,116.0
DMM,145.0
DMU,13.0
DND,6.0
DNH,24.0
DNK,32.0
DNR,8.0
DNZ,2.0
DOH,312.0
DOK,46.0
DOL,2.0
DOM,17.0
DOU,8.0
DOY,8.0
DPL,8.0
DPO,2.0
DPS,151.0
DQA,25.0
DRG,8.0
DRK,4.0
DRO,8.0
DRS,41.0
DRT,2.0
DRW,93.0
DSA,53.0
DSK,4.0
DSM,48.0
DSN,70.0
DTI,2.0
DTM,60.0
DTW,440.0
DUB,360.0
DUD,17.0
DUJ,5.0
DUR,42.0
DUS,620.0
DUT,6.0
DVD,2.0
DVL,4.0
DVO,48.0
DWD,4.0
DXB,670.0
DYG,50.0
DYR,2.0
DYU,116.0
DZA,20.0
DZN,4.0
EAA,2.0
EAE,2.0
EAM,6.0
EAR,8.0
EAS,6.0
EAT,4.0
EAU,2.0
EBA,8.0
EBB,73.0
EBJ,2.0
EBL,36.0
EBU,4.0
ECN,32.0
ECP,12.0
EDA,2.0
EDI,267.0
EDL,9.0
EDR,4.0
EEK,4.0
EFL,19.0
EGC,22.0
EGE,4.0
EGM,4.0
EGN,4.0
EGO,6.0
EGS,2.0
EIN,113.0
EIS,21.0
EJA,2.0
EJH,2.0
EKO,2.0
EKS,2.0
ELC,2.0
ELD,6.0
ELF,4.0
ELH,6.0
ELI,9.0
ELM,8.0
ELP,41.0
ELQ,14.0
ELS,10.0
ELU,2.0
ELV,2.0
ELY,2.0
EMA,171.0
EMD,8.0
EMK,8.0
ENA,6.0
ENE,9.0
ENH,6.0
ENU,4.0
ENY,12.0
EOH,27.0
EOI,4.0
EPR,5.0
EQS,2.0
ERC,4.0
ERF,4.0
ERI,6.0
ERL,6.0
ERM,13.0
ERN,4.0
ERS,4.0
ERZ,10.0
ESB,108.0
ESC,4.0
ESD,4.0
ESL,2.0
ESM,6.0
ESR,3.0
ESU,2.0
ETH,10.0
ETR,2.0
ETZ,12.0
EUG,28.0
EUN,6.0
EUX,2.0
EVE,14.0
EVG,8.0
EVN,127.0
EVV,8.0
EWB,4.0
EWN,6.0
EWR,519.0
EXI,2.0
EXT,56.0
EYK,8.0
EYP,4.0
EYW,20.0
EZE,143.0
EZS,8.0
EZV,8.0
FAE,8.0
FAI,57.0
FAO,203.0
FAR,22.0
FAT,42.0
FAV,5.0
FAY,10.0
FBA,4.0
FBE,4.0
FBM,20.0
FBS,4.0
FCA,12.0
FCO,701.0
FDE,5.0
FDF,33.0
FDH,20.0
FEG,10.0
FEN,6.0
FEZ,8.0
FIH,41.0
FJR,2.0
FKB,56.0
FKI,4.0
FKL,5.0
FKQ,5.0
FKS,8.0
FLA,4.0
FLG,2.0
FLL,297.0
FLN,54.0
FLO,4.0
FLR,79.0
FLW,8.0
FMA,2.0
FMM,52.0
FMN,20.0
FMO,21.0
FNA,26.0
FNC,101.0
FNI,6.0
FNJ,12.0
FNL,4.0
FNT,18.0
FOC,208.0
FOD,4.0
FOR,79.0
FPO,16.0
FRA,1132.0
FRD,4.0
FRE,4.0
FRL,10.0
FRO,7.0
FRS,2.0
FRU,77.0
FRW,4.0
FSC,19.0
FSD,28.0
FSM,4.0
FSP,6.0
FSZ,24.0
FTA,3.0
FTE,23.0
FTU,6.0
FUE,181.0
FUG,16.0
FUJ,8.0
FUK,176.0
FUN,2.0
FUO,10.0
FUT,2.0
FWA,20.0
FYU,16.0
GAJ,4.0
GAL,12.0
GAM,8.0
GAN,3.0
GAO,2.0
GAU,78.0
GAY,10.0
GBB,2.0
GBD,6.0
GBE,27.0
GBT,9.0
GCC,6.0
GCI,44.0
GCK,2.0
GCM,37.0
GCN,2.0
GCW,2.0
GDE,2.0
GDL,153.0
GDN,100.0
GDQ,4.0
GDT,4.0
GDV,4.0
GDX,22.0
GDZ,2.0
GEA,17.0
GEG,42.0
GEL,8.0
GEO,12.0
GER,2.0
GES,14.0
GET,10.0
GEV,4.0
GFF,4.0
GFK,10.0
GFN,2.0
GGG,2.0
GGT,14.0
GGW,3.0
GHA,4.0
GHB,6.0
GHC,2.0
GHT,2.0
GIB,12.0
GIG,216.0
GIL,2.0
GIS,4.0
GIZ,10.0
GJA,3.0
GJL,2.0
GJT,12.0
GKA,6.0
GLA,193.0
GLF,4.0
GLH,2.0
GLK,9.0
GLO,4.0
GLT,12.0
GLV,8.0
GMA,2.0
GMB,2.0
GME,2.0
GMO,2.0
GMP,108.0
GMR,2.0
GMZ,2.0
GND,24.0
GNM,2.0
GNS,2.0
GNU,2.0
GNV,16.0
GNY,8.0
GOA,44.0
GOH,18.0
GOI,51.0
GOJ,32.0
GOM,2.0
GOP,4.0
GOQ,6.0
GOT,88.0
GOU,4.0
GOV,8.0
GPA,14.0
GPB,2.0
GPI,4.0
GPS,11.0
GPT,14.0
GPZ,2.0
GRB,12.0
GRI,6.0
GRJ,8.0
GRK,6.0
GRO,110.0
GRP,2.0
GRQ,21.0
GRR,49.0
GRU,415.0
GRV,6.0
GRW,2.0
GRX,16.0
GRZ,37.0
GSE,42.0
GSM,6.0
GSO,38.0
GSP,48.0
GST,4.0
GTA,2.0
GTE,7.0
GTF,14.0
GTO,8.0
GTR,2.0
GUA,65.0
GUC,4.0
GUM,85.0
GUR,8.0
GUW,24.0
GVA,326.0
GVR,8.0
GWD,7.0
GWL,4.0
GWT,14.0
GXF,11.0
GYA,6.0
GYD,160.0
GYE,83.0
GYI,2.0
GYM,2.0
GYN,66.0
GYS,6.0
GYY,2.0
GZO,10.0
GZP,2.0
GZT,12.0
HAA,4.0
HAC,2.0
HAD,4.0
HAH,14.0
HAJ,158.0
HAK,180.0
HAM,297.0
HAN,186.0
HAQ,2.0
HAS,6.0
HAU,24.0
HAV,122.0
HBA,20.0
HBE,71.0
HBX,2.0
HCR,4.0
HDD,6.0
HDF,10.0
HDG,14.0
HDN,4.0
HDS,4.0
HDY,18.0
HEA,4.0
HEH,21.0
HEK,8.0
HEL,368.0
HEN,2.0
HER,195.0
HET,187.0
HFE,163.0
HFS,8.0
HFT,15.0
HGA,5.0
HGD,4.0
HGH,461.0
HGN,2.0
HGR,4.0
HGU,15.0
HHH,4.0
HHN,102.0
HIA,22.0
HIB,4.0
HID,2.0
HIJ,38.0
HIN,6.0
HIR,54.0
HJJ,7.0
HJR,6.0
HKB,4.0
HKD,18.0
HKG,730.0
HKK,2.0
HKN,10.0
HKT,113.0
HLA,8.0
HLD,30.0
HLH,10.0
HLN,9.0
HLZ,12.0
HMA,16.0
HMB,15.0
HME,8.0
HMI,8.0
HMO,47.0
HMV,4.0
HNA,8.0
HND,366.0
HNH,4.0
HNL,247.0
HNM,6.0
HNS,4.0
HOB,2.0
HOD,14.0
HOE,2.0
HOF,2.0
HOG,24.0
HOI,3.0
HOM,6.0
HON,8.0
HOR,16.0
HOT,6.0
HOU,88.0
HOV,8.0
HPB,4.0
HPH,8.0
HPN,31.0
HRB,242.0
HRE,38.0
HRG,91.0
HRK,18.0
HRL,10.0
HRO,4.0
HSG,4.0
HSL,7.0
HSN,16.0
HSV,28.0
HTA,22.0
HTI,12.0
HTN,13.0
HTS,10.0
HTY,16.0
HUE,2.0
HUH,8.0
HUI,4.0
HUN,10.0
HUS,4.0
HUU,4.0
HUW,6.0
HUX,8.0
HUY,8.0
HVB,4.0
HVD,6.0
HVG,6.0
HVN,4.0
HVR,2.0
HYA,8.0
HYD,191.0
HYG,2.0
HYL,10.0
HYS,12.0
HZH,4.0
IAA,2.0
IAD,433.0
IAG,10.0
IAH,540.0
IAN,8.0
IAO,2.0
IAR,4.0
IAS,12.0
IBA,2.0
IBE,6.0
IBR,6.0
IBZ,186.0
ICI,2.0
ICN,871.0
ICT,28.0
IDA,14.0
IDR,46.0
IEV,42.0
IFJ,2.0
IFN,48.0
IFO,6.0
IGA,2.0
IGD,4.0
IGM,2.0
IGR,12.0
IGU,23.0
IIL,2.0
IJK,2.0
IKA,104.0
IKI,4.0
IKO,2.0
IKS,2.0
IKT,71.0
ILD,2.0
ILI,2.0
ILM,20.0
ILO,26.0
ILP,2.0
ILR,2.0
ILY,2.0
IMF,26.0
IMP,14.0
IMT,2.0
INB,5.0
INC,120.0
IND,95.0
INH,6.0
INI,2.0
INL,2.0
INN,8.0
INU,1.0
INV,25.0
INZ,4.0
IOA,4.0
IOM,42.0
IOS,23.0
IPA,6.0
IPC,14.0
IPH,4.0
IPL,2.0
IPN,12.0
IPT,4.0
IQQ,28.0
IQT,13.0
IRA,6.0
IRC,2.0
IRG,4.0
IRJ,2.0
IRK,2.0
IRM,8.0
IRZ,4.0
ISA,24.0
ISB,106.0
ISC,4.0
ISG,10.0
ISN,8.0
ISP,16.0
IST,686.0
ISU,16.0
ITB,10.0
ITH,8.0
ITM,87.0
ITO,13.0
IUE,2.0
IVC,4.0
IVL,4.0
IWD,2.0
IWJ,2.0
IXA,22.0
IXB,30.0
IXC,20.0
IXD,4.0
IXE,32.0
IXI,3.0
IXJ,32.0
IXL,14.0
IXM,14.0
IXR,17.0
IXS,18.0
IXU,14.0
IXY,2.0
IXZ,24.0
IYK,2.0
IZA,2.0
IZO,4.0
JAC,6.0
JAI,43.0
JAL,2.0
JAN,24.0
JAU,2.0
JAV,11.0
JAX,72.0
JBR,2.0
JCB,14.0
JCK,4.0
JDF,20.0
JDH,10.0
JDO,16.0
JDR,6.0
JDZ,26.0
JED,320.0
JEG,6.0
JER,60.0
JFK,779.0
JFR,4.0
JGA,2.0
JGD,4.0
JGN,14.0
JGS,12.0
JHB,24.0
JHG,45.0
JHM,8.0
JHS,7.0
JHW,4.0
JIB,33.0
JIC,4.0
JIJ,6.0
JIK,6.0
JIM,2.0
JIQ,10.0
JIU,8.0
JJA,2.0
JJN,68.0
JJU,6.0
JKG,8.0
JKH,9.0
JKL,6.0
JKR,4.0
JLN,2.0
JLR,4.0
JMK,12.0
JMS,4.0
JMU,17.0
JNB,302.0
JNG,24.0
JNN,2.0
JNS,4.0
JNU,32.0
JNX,2.0
JNZ,10.0
JOE,6.0
JOG,34.0
JOI,14.0
JOL,4.0
JOS,2.0
JPA,25.0
JPR,8.0
JQA,4.0
JQE,2.0
JRH,10.0
JRO,45.0
JSH,9.0
JSI,2.0
JSR,4.0
JST,4.0
JSU,4.0
JSY,2.0
JTC,19.0
JTR,18.0
JTY,4.0
JUB,24.0
JUJ,6.0
JUL,14.0
JUV,4.0
JUZ,10.0
JXA,8.0
JYV,6.0
JZH,35.0
KAA,2.0
KAD,2.0
KAJ,4.0
KAL,6.0
KAN,9.0
KAO,4.0
KAT,2.0
KAW,8.0
KAZ,2.0
KBC,4.0
KBL,72.0
KBP,330.0
KBR,20.0
KBV,12.0
KCA,4.0
KCC,2.0
KCF,2.0
KCG,4.0
KCH,58.0
KCL,4.0
KCM,2.0
KCQ,4.0
KCZ,12.0
KDH,22.0
KDI,10.0
KDL,4.0
KDM,5.0
KDO,4.0
KDU,2.0
KDV,4.0
KEF,73.0
KEJ,4.0
KEM,4.0
KEP,4.0
KER,9.0
KET,2.0
KEW,5.0
KFP,4.0
KGA,4.0
KGC,2.0
KGD,36.0
KGE,4.0
KGF,6.0
KGI,14.0
KGL,73.0
KGS,74.0
KGT,4.0
KGX,4.0
KHG,23.0
KHH,120.0
KHI,126.0
KHN,193.0
KHS,2.0
KHV,104.0
KHY,2.0
KID,2.0
KIF,4.0
KIH,16.0
KIJ,36.0
KIM,4.0
KIN,39.0
KIR,12.0
KIS,7.0
KIT,6.0
KIV,85.0
KIX,330.0
KJA,86.0
KKA,10.0
KKC,2.0
KKE,2.0
KKH,6.0
KKI,8.0
KKJ,8.0
KKN,17.0
KKQ,2.0
KKR,2.0
KLG,10.0
KLN,2.0
KLO,34.0
KLR,10.0
KLU,8.0
KLV,24.0
KLW,4.0
KLX,6.0
KMA,4.0
KME,2.0
KMG,546.0
KMI,28.0
KMJ,26.0
KMQ,32.0
KMS,2.0
KMV,2.0
KMY,2.0
KNG,7.0
KNH,10.0
KNQ,2.0
KNS,2.0
KNU,6.0
KNX,25.0
KOA,59.0
KOC,4.0
KOE,12.0
KOI,22.0
KOJ,36.0
KOK,8.0
KOP,4.0
KOS,2.0
KOT,7.0
KOW,30.0
KOY,2.0
KOZ,4.0
KPB,2.0
KPN,6.0
KPO,6.0
KPV,2.0
KPY,2.0
KQA,2.0
KRC,4.0
KRF,4.0
KRK,130.0
KRL,7.0
KRN,4.0
KRP,2.0
KRR,82.0
KRS,22.0
KRT,123.0
KRY,2.0
KSA,4.0
KSC,4.0
KSD,10.0
KSH,22.0
KSJ,4.0
KSM,10.0
KSN,10.0
KSO,2.0
KSQ,10.0
KSR,2.0
KSU,10.0
KSY,4.0
KSZ,2.0
KTA,20.0
KTB,8.0
KTE,4.0
KTG,6.0
KTL,4.0
KTM,125.0
KTN,45.0
KTS,8.0
KTT,4.0
KTW,64.0
KUA,10.0
KUD,4.0
KUF,52.0
KUH,12.0
KUK,4.0
KUL,485.0
KUN,38.0
KUO,8.0
KUS,6.0
KUT,4.0
KUV,4.0
KVA,8.0
KVC,6.0
KVD,14.0
KVG,6.0
KVL,6.0
KVR,2.0
KVX,2.0
KWA,6.0
KWE,227.0
KWF,2.0
KWG,2.0
KWI,228.0
KWJ,8.0
KWK,7.0
KWL,182.0
KWM,4.0
KWN,4.0
KWP,1.0
KWT,7.0
KWZ,2.0
KYA,6.0
KYK,1.0
KYU,5.0
KZB,1.0
KZI,1.0
KZN,64.0
KZO,6.0
KZS,2.0
LAD,88.0
LAE,16.0
LAI,2.0
LAN,10.0
LAO,6.0
LAP,16.0
LAR,12.0
LAS,439.0
LAU,2.0
LAW,2.0
LAX,924.0
LAZ,2.0
LBA,133.0
LBB,12.0
LBC,16.0
LBD,72.0
LBE,6.0
LBF,2.0
LBJ,8.0
LBL,12.0
LBP,2.0
LBR,6.0
LBU,10.0
LBV,43.0
LCA,240.0
LCE,21.0
LCG,18.0
LCH,4.0
LCJ,22.0
LCR,4.0
LCX,4.0
LCY,122.0
LDB,36.0
LDE,10.0
LDG,2.0
LDH,6.0
LDN,2.0
LDS,14.0
LDU,2.0
LDY,10.0
LEA,12.0
LEB,4.0
LEC,2.0
LED,490.0
LEH,2.0
LEI,24.0
LEJ,78.0
LEN,2.0
LET,8.0
LEX,30.0
LFM,8.0
LFT,6.0
LFW,34.0
LGA,312.0
LGB,40.0
LGI,4.0
LGK,24.0
LGL,4.0
LGP,10.0
LGQ,2.0
LGW,604.0
LHE,101.0
LHR,1027.0
LHW,136.0
LIF,6.0
LIG,26.0
LIH,46.0
LIL,40.0
LIM,267.0
LIN,168.0
LIR,20.0
LIS,425.0
LIT,41.0
LJG,76.0
LJU,61.0
LKB,2.0
LKE,6.0
LKH,4.0
LKL,4.0
LKN,6.0
LKO,42.0
LLA,12.0
LLB,4.0
LLF,3.0
LLI,7.0
LLK,12.0
LLW,25.0
LMA,2.0
LMC,4.0
LMM,10.0
LMN,2.0
LMP,6.0
LMT,4.0
LNB,2.0
LNE,4.0
LNJ,4.0
LNK,10.0
LNS,2.0
LNV,4.0
LNY,13.0
LNZ,23.0
LOD,6.0
LOE,2.0
LOK,4.0
LOO,2.0
LOP,20.0
LOS,100.0
LPA,294.0
LPB,43.0
LPD,2.0
LPI,10.0
LPK,2.0
LPL,124.0
LPM,4.0
LPP,10.0
LPQ,26.0
LPS,2.0
LPT,2.0
LPY,2.0
LQM,4.0
LRD,6.0
LRE,6.0
LRH,18.0
LRM,7.0
LRR,10.0
LRS,6.0
LRT,6.0
LSA,2.0
LSC,13.0
LSE,6.0
LSH,2.0
LSI,10.0
LSP,8.0
LST,12.0
LSW,2.0
LSY,2.0
LTD,2.0
LTI,4.0
LTK,2.0
LTN,223.0
LTO,2.0
LTX,4.0
LUD,2.0
LUG,10.0
LUH,2.0
LUK,2.0
LUM,18.0
LUN,63.0
LUO,2.0
LUP,2.0
LUQ,6.0
LUR,1.0
LUV,2.0
LUW,6.0
LUX,103.0
LVI,8.0
LWB,4.0
LWN,6.0
LWO,40.0
LWS,8.0
LWT,4.0
LWY,6.0
LXA,41.0
LXG,2.0
LXR,36.0
LXS,10.0
LYA,34.0
LYB,4.0
LYC,8.0
LYG,30.0
LYH,2.0
LYI,32.0
LYP,11.0
LYR,2.0
LYS,272.0
LZC,2.0
LZH,38.0
LZO,14.0
LZY,4.0
MAA,240.0
MAB,25.0
MAD,709.0
MAF,12.0
MAG,8.0
MAH,77.0
MAJ,4.0
MAM,7.0
MAN,565.0
MAO,91.0
MAQ,4.0
MAR,24.0
MAS,10.0
MAU,6.0
MAZ,2.0
MBA,55.0
MBE,2.0
MBJ,67.0
MBL,2.0
MBS,6.0
MBT,6.0
MBZ,1.0
MCE,10.0
MCG,8.0
MCI,140.0
MCK,12.0
MCM,4.0
MCN,2.0
MCO,349.0
MCP,9.0
MCT,195.0
MCV,2.0
MCW,4.0
MCX,8.0
MCY,9.0
MCZ,29.0
MDC,38.0
MDE,66.0
MDG,19.0
MDK,2.0
MDL,31.0
MDQ,6.0
MDT,38.0
MDU,2.0
MDW,149.0
MDZ,26.0
MEA,12.0
MEC,4.0
MED,64.0
MEE,2.0
MEG,4.0
MEH,10.0
MEI,2.0
MEL,257.0
MEM,141.0
MEQ,2.0
MES,80.0
MEU,5.0
MEX,485.0
MFE,10.0
MFM,138.0
MFR,24.0
MFU,2.0
MGA,35.0
MGB,4.0
MGF,33.0
MGM,8.0
MGQ,20.0
MGS,2.0
MGT,2.0
MGW,4.0
MGZ,12.0
MHD,93.0
MHH,14.0
MHK,4.0
MHQ,8.0
MHT,39.0
MIA,516.0
MID,26.0
MIG,33.0
MII,9.0
MIM,6.0
MIR,26.0
MIS,2.0
MIU,2.0
MJD,4.0
MJF,9.0
MJM,6.0
MJN,11.0
MJT,24.0
MJU,2.0
MJV,36.0
MKE,104.0
MKG,2.0
MKK,21.0
MKL,4.0
MKM,4.0
MKP,3.0
MKQ,4.0
MKW,6.0
MKY,12.0
MKZ,4.0
MLA,201.0
MLB,6.0
MLE,56.0
MLG,6.0
MLH,20.0
MLI,26.0
MLL,2.0
MLM,16.0
MLN,16.0
MLO,2.0
MLS,4.0
MLU,6.0
MLX,8.0
MLY,2.0
MMB,16.0
MME,8.0
MMH,6.0
MMJ,4.0
MMK,16.0
MMO,2.0
MMX,38.0
MMY,10.0
MNA,2.0
MNG,6.0
MNI,2.0
MNL,399.0
MNS,2.0
MNT,2.0
MNX,2.0
MOA,4.0
MOB,12.0
MOC,12.0
MOD,2.0
MOF,4.0
MOI,2.0
MOL,10.0
MOQ,12.0
MOT,10.0
MOU,4.0
MOV,4.0
MOZ,7.0
MPA,2.0
MPH,14.0
MPL,40.0
MPM,36.0
MPN,2.0
MQF,4.0
MQH,2.0
MQL,12.0
MQM,6.0
MQN,9.0
MQP,9.0
MQT,4.0
MQX,6.0
MRA,18.0
MRE,3.0
MRO,2.0
MRQ,2.0
MRS,246.0
MRU,90.0
MRV,43.0
MRX,4.0
MRY,20.0
MRZ,2.0
MSA,6.0
MSJ,4.0
MSL,2.0
MSN,38.0
MSO,16.0
MSP,443.0
MSQ,113.0
MSR,4.0
MSS,2.0
MST,27.0
MSU,2.0
MSY,116.0
MSZ,2.0
MTE,1.0
MTJ,4.0
MTM,6.0
MTR,6.0
MTS,2.0
MTT,2.0
MTV,5.0
MTY,123.0
MUA,6.0
MUB,12.0
MUC,798.0
MUE,2.0
MUK,2.0
MUN,8.0
MUR,12.0
MUW,2.0
MUX,14.0
MVD,25.0
MVP,4.0
MVR,3.0
MVT,4.0
MVY,10.0
MWA,2.0
MWF,3.0
MWX,10.0
MWZ,15.0
MXH,2.0
MXL,8.0
MXM,2.0
MXP,437.0
MXV,6.0
MXX,8.0
MXZ,4.0
MYA,4.0
MYD,6.0
MYE,2.0
MYJ,22.0
MYR,38.0
MYT,4.0
MYU,2.0
MYW,2.0
MYY,46.0
MZG,12.0
MZH,2.0
MZL,2.0
MZO,4.0
MZR,2.0
MZT,22.0
MZV,4.0
MZW,2.0
NAA,4.0
NAG,32.0
NAH,2.0
NAJ,4.0
NAL,4.0
NAN,81.0
NAO,10.0
NAP,169.0
NAQ,2.0
NAS,108.0
NAT,33.0
NAV,2.0
NAW,2.0
NAY,76.0
NBC,10.0
NBE,75.0
NBO,272.0
NBS,9.0
NBX,6.0
NCE,257.0
NCL,174.0
NCU,10.0
NCY,2.0
NDB,6.0
NDC,4.0
NDG,15.0
NDJ,18.0
NDR,23.0
NDU,2.0
NDY,4.0
NEG,2.0
NER,4.0
NEV,14.0
NGB,164.0
NGO,175.0
NGQ,2.0
NGS,38.0
NHA,6.0
NHV,8.0
NIB,2.0
NIM,24.0
NJC,15.0
NJF,15.0
NKC,26.0
NKG,345.0
NKI,2.0
NKM,10.0
NLA,14.0
NLD,2.0
NLG,4.0
NLK,6.0
NLT,2.0
NMA,24.0
NME,5.0
NNB,4.0
NNG,226.0
NNM,10.0
NNT,2.0
NNY,18.0
NOC,28.0
NOJ,8.0
NOP,2.0
NOS,10.0
NOU,42.0
NOV,4.0
NOZ,4.0
NPE,6.0
NPL,6.0
NQN,15.0
NQU,1.0
NQY,8.0
NRA,4.0
NRK,12.0
NRL,6.0
NRN,104.0
NRT,643.0
NSH,4.0
NSI,30.0
NSK,27.0
NSN,6.0
NST,4.0
NTE,141.0
NTG,26.0
NTL,22.0
NTN,4.0
NTQ,2.0
NTX,4.0
NUE,114.0
NUI,4.0
NUL,7.0
NUP,4.0
NUS,8.0
NUX,22.0
NVA,4.0
NVI,8.0
NVK,2.0
NVT,22.0
NWI,21.0
NYI,1.0
NYK,5.0
NYM,14.0
NYO,100.0
NYU,12.0
NZH,12.0
OAG,2.0
OAJ,8.0
OAK,108.0
OAL,10.0
OAX,12.0
OBO,10.0
OBU,6.0
OCC,6.0
ODN,4.0
ODO,2.0
ODS,48.0
ODY,2.0
OER,2.0
OGD,2.0
OGG,117.0
OGN,2.0
OGS,2.0
OGX,2.0
OGZ,4.0
OHE,9.0
OHH,2.0
OIA,3.0
OIM,2.0
OIT,16.0
OKA,113.0
OKC,65.0
OKJ,20.0
OLA,2.0
OLB,55.0
OLC,4.0
OLF,4.0
OLH,3.0
OLP,2.0
OMA,60.0
OMD,2.0
OME,49.0
OMH,6.0
OMR,4.0
OMS,31.0
OND,2.0
ONG,6.0
ONJ,2.0
ONT,48.0
OOK,6.0
OOL,58.0
OPO,177.0
OPS,10.0
OPU,2.0
ORB,10.0
ORD,1099.0
ORF,53.0
ORI,3.0
ORK,80.0
ORN,41.0
ORV,8.0
ORX,3.0
ORY,380.0
OSD,4.0
OSL,333.0
OSM,4.0
OSR,4.0
OSS,48.0
OSW,4.0
OSY,6.0
OTH,4.0
OTP,237.0
OTZ,44.0
OUA,71.0
OUD,15.0
OUL,20.0
OUZ,2.0
OVB,141.0
OVD,36.0
OVS,4.0
OWB,4.0
OXB,10.0
OXF,4.0
OZC,12.0
OZH,8.0
OZZ,4.0
PAC,9.0
PAD,34.0
PAG,8.0
PAH,2.0
PAP,32.0
PAS,2.0
PAT,23.0
PAZ,8.0
PBC,10.0
PBD,4.0
PBG,10.0
PBH,11.0
PBI,51.0
PBJ,3.0
PBM,18.0
PBO,4.0
PCL,8.0
PCR,6.0
PDA,6.0
PDG,20.0
PDL,46.0
PDP,4.0
PDS,4.0
PDT,2.0
PDV,4.0
PDX,254.0
PEC,3.0
PED,4.0
PEE,18.0
PEG,14.0
PEI,8.0
PEK,1130.0
PEM,8.0
PEN,86.0
PER,186.0
PES,2.0
PET,7.0
PEU,1.0
PEW,64.0
PEX,2.0
PEZ,4.0
PFB,14.0
PFO,121.0
PFQ,2.0
PGA,27.0
PGD,10.0
PGF,10.0
PGK,11.0
PGU,12.0
PGV,4.0
PGX,4.0
PHC,16.0
PHE,28.0
PHF,14.0
PHL,458.0
PHO,8.0
PHS,2.0
PHW,2.0
PHX,424.0
PIA,22.0
PIB,2.0
PIE,48.0
PIH,2.0
PIK,54.0
PIN,2.0
PIR,19.0
PIS,8.0
PIT,129.0
PIU,6.0
PIX,8.0
PIZ,4.0
PJA,8.0
PJG,3.0
PJM,4.0
PKA,2.0
PKB,2.0
PKC,22.0
PKE,4.0
PKG,2.0
PKN,9.0
PKR,6.0
PKU,30.0
PKY,8.0
PKZ,10.0
PLJ,5.0
PLM,20.0
PLN,2.0
PLO,4.0
PLQ,6.0
PLS,36.0
PLU,33.0
PLW,13.0
PLX,4.0
PLZ,18.0
PMC,24.0
PMF,8.0
PMI,516.0
PML,5.0
PMO,102.0
PMR,8.0
PMV,30.0
PMW,10.0
PMY,2.0
PMZ,4.0
PNA,6.0
PND,2.0
PNH,53.0
PNI,6.0
PNK,10.0
PNL,4.0
PNP,6.0
PNQ,80.0
PNR,30.0
PNS,22.0
PNZ,9.0
POA,101.0
POJ,2.0
POL,15.0
POM,89.0
POP,22.0
POR,6.0
POS,58.0
POZ,60.0
PPB,10.0
PPG,2.0
PPL,2.0
PPN,2.0
PPP,6.0
PPQ,2.0
PPS,28.0
PPT,79.0
PPV,2.0
PPW,6.0
PQC,9.0
PQI,2.0
PQQ,12.0
PQS,4.0
PRC,12.0
PRG,339.0
PRH,2.0
PRI,2.0
PRN,72.0
PSA,150.0
PSC,18.0
PSE,4.0
PSG,4.0
PSJ,3.0
PSO,6.0
PSP,46.0
PSR,24.0
PSS,4.0
PTG,2.0
PTP,46.0
PTU,2.0
PTY,199.0
PUB,12.0
PUF,18.0
PUJ,94.0
PUM,2.0
PUQ,13.0
PUS,186.0
PUU,8.0
PUW,4.0
PUY,18.0
PVC,2.0
PVD,46.0
PVG,870.0
PVH,40.0
PVK,20.0
PVR,57.0
PVU,2.0
PWE,2.0
PWM,31.0
PWQ,10.0
PXM,4.0
PXO,10.0
PXU,11.0
PYC,2.0
PYH,2.0
PZB,2.0
PZE,4.0
PZH,5.0
PZO,21.0
PZU,10.0
QBC,3.0
QOW,4.0
QRO,12.0
QRW,4.0
QSF,14.0
QUB,2.0
QUO,4.0
RAB,16.0
RAE,4.0
RAH,2.0
RAI,36.0
RAJ,6.0
RAK,79.0
RAO,40.0
RAP,16.0
RAR,26.0
RAS,19.0
RBA,10.0
RBB,2.0
RBQ,4.0
RBR,10.0
RBV,2.0
RBY,7.0
RCB,2.0
RCE,4.0
RCH,4.0
RCM,4.0
RDC,2.0
RDD,2.0
RDM,17.0
RDN,4.0
RDU,131.0
RDV,2.0
RDZ,14.0
REC,88.0
REG,14.0
REL,15.0
REN,18.0
REP,54.0
RES,4.0
RET,4.0
REU,49.0
REX,14.0
REZ,8.0
RFD,10.0
RFP,9.0
RGA,2.0
RGI,11.0
RGK,2.0
RGL,10.0
RGN,84.0
RHD,2.0
RHI,2.0
RHO,127.0
RIA,18.0
RIB,6.0
RIC,62.0
RIG,8.0
RIW,2.0
RIX,216.0
RIY,22.0
RJA,10.0
RJH,2.0
RJK,7.0
RJL,2.0
RKD,2.0
RKS,6.0
RKT,19.0
RKV,14.0
RKZ,2.0
RLG,10.0
RLK,6.0
RLR,2.0
RMA,4.0
RMF,20.0
RMI,16.0
RMP,2.0
RMQ,56.0
RMT,4.0
RNA,4.0
RNB,6.0
RNL,4.0
RNO,50.0
RNS,20.0
ROA,22.0
ROB,38.0
ROC,49.0
ROI,2.0
ROK,18.0
ROO,16.0
ROP,6.0
ROR,20.0
ROS,13.0
ROT,8.0
ROV,59.0
ROW,2.0
RPR,34.0
RRG,2.0
RSA,2.0
RSD,6.0
RSH,10.0
RST,4.0
RSU,6.0
RSW,96.0
RTA,2.0
RTB,17.0
RTM,42.0
RTW,6.0
RUA,2.0
RUH,266.0
RUM,2.0
RUN,46.0
RUR,6.0
RUS,2.0
RUT,2.0
RVD,6.0
RVE,4.0
RVK,6.0
RVN,8.0
RVT,3.0
RVV,4.0
RXS,4.0
RYG,78.0
RYK,6.0
RZE,20.0
RZR,4.0
RZS,2.0
SAB,2.0
SAF,4.0
SAH,85.0
SAL,118.0
SAN,178.0
SAP,47.0
SAT,114.0
SAV,28.0
SAW,200.0
SBA,18.0
SBH,18.0
SBN,26.0
SBP,6.0
SBW,18.0
SBY,10.0
SBZ,15.0
SCC,10.0
SCE,6.0
SCK,2.0
SCL,192.0
SCM,3.0
SCN,17.0
SCO,37.0
SCQ,56.0
SCT,4.0
SCU,16.0
SCV,4.0
SCW,20.0
SCY,7.0
SCZ,2.0
SDD,8.0
SDE,2.0
SDF,66.0
SDG,4.0
SDJ,66.0
SDK,14.0
SDL,8.0
SDN,4.0
SDP,4.0
SDQ,62.0
SDR,40.0
SDU,78.0
SDV,4.0
SDY,4.0
SEA,391.0
SEB,12.0
SEN,22.0
SEZ,28.0
SFA,20.0
SFB,88.0
SFG,10.0
SFJ,14.0
SFL,4.0
SFN,5.0
SFO,573.0
SFT,4.0
SGC,14.0
SGF,26.0
SGK,2.0
SGN,240.0
SGO,4.0
SGS,2.0
SGU,4.0
SGY,4.0
SHA,490.0
SHB,6.0
SHC,2.0
SHD,4.0
SHE,258.0
SHG,6.0
SHH,6.0
SHJ,149.0
SHL,4.0
SHM,2.0
SHP,12.0
SHR,2.0
SHV,12.0
SHW,4.0
SHX,4.0
SID,38.0
SIF,2.0
SIN,836.0
SIP,58.0
SIT,7.0
SJC,104.0
SJD,76.0
SJE,4.0
SJI,6.0
SJJ,26.0
SJK,10.0
SJL,7.0
SJO,142.0
SJP,18.0
SJT,2.0
SJU,153.0
SJW,143.0
SJZ,4.0
SKB,15.0
SKD,16.0
SKE,2.0
SKG,125.0
SKK,11.0
SKN,7.0
SKO,3.0
SKP,30.0
SKT,18.0
SKU,4.0
SKZ,10.0
SLA,16.0
SLC,269.0
SLH,5.0
SLI,4.0
SLK,2.0
SLL,5.0
SLM,2.0
SLN,2.0
SLP,8.0
SLQ,2.0
SLU,22.0
SLW,12.0
SLY,16.0
SLZ,40.0
SMA,6.0
SMF,98.0
SMI,18.0
SMK,8.0
SML,4.0
SMQ,4.0
SMR,8.0
SMS,6.0
SMX,4.0
SNA,84.0
SNE,4.0
SNN,41.0
SNO,2.0
SNP,8.0
SNR,2.0
SNU,10.0
SNW,10.0
SOC,12.0
SOF,141.0
SOG,8.0
SOJ,6.0
SOM,2.0
SON,24.0
SOQ,12.0
SOU,76.0
SOW,12.0
SOY,4.0
SPB,2.0
SPC,36.0
SPD,2.0
SPI,2.0
SPN,17.0
SPP,1.0
SPR,5.0
SPS,2.0
SPU,62.0
SRA,2.0
SRE,10.0
SRG,28.0
SRQ,12.0
SRV,2.0
SRY,12.0
SRZ,10.0
SSA,140.0
SSB,2.0
SSG,36.0
SSH,113.0
SSJ,9.0
SSR,4.0
STD,4.0
STG,8.0
STI,18.0
STL,184.0
STM,33.0
STN,324.0
STR,292.0
STS,10.0
STT,44.0
STV,6.0
STW,8.0
STX,18.0
STZ,1.0
SUB,117.0
SUF,62.0
SUG,10.0
SUJ,4.0
SUN,2.0
SUR,7.0
SUV,20.0
SUX,2.0
SVA,8.0
SVB,8.0
SVC,4.0
SVD,8.0
SVG,89.0
SVI,4.0
SVJ,6.0
SVL,4.0
SVO,523.0
SVP,4.0
SVQ,115.0
SVS,2.0
SVU,6.0
SVX,155.0
SWA,68.0
SWF,10.0
SXB,62.0
SXF,176.0
SXM,78.0
SXO,2.0
SXP,4.0
SXR,38.0
SXX,1.0
SYD,448.0
SYM,6.0
SYO,2.0
SYR,46.0
SYX,188.0
SYY,10.0
SYZ,70.0
SZB,60.0
SZG,38.0
SZX,503.0
SZZ,14.0
TAB,12.0
TAC,18.0
TAE,10.0
TAG,8.0
TAH,10.0
TAI,16.0
TAK,14.0
TAL,7.0
TAM,16.0
TAO,412.0
TAP,2.0
TAS,181.0
TAT,2.0
TAY,6.0
TBB,4.0
TBG,10.0
TBH,4.0
TBI,4.0
TBN,2.0
TBP,2.0
TBS,71.0
TBT,6.0
TBU,10.0
TBW,2.0
TBZ,23.0
TCB,6.0
TCG,2.0
TCO,2.0
TCP,2.0
TCQ,4.0
TCR,2.0
TCT,2.0
TCZ,12.0
TDD,27.0
TDX,2.0
TEE,2.0
TEN,4.0
TER,22.0
TET,11.0
TEX,12.0
TEZ,4.0
TFF,12.0
TFI,2.0
TFN,69.0
TFS,296.0
TGC,2.0
TGD,36.0
TGG,8.0
TGH,2.0
TGJ,4.0
TGK,2.0
TGM,20.0
TGO,24.0
TGR,1.0
TGU,38.0
TGZ,14.0
THE,28.0
THL,9.0
THN,2.0
THQ,2.0
THR,132.0
THS,2.0
THX,2.0
TIA,84.0
TID,2.0
TIF,14.0
TIH,6.0
TIJ,63.0
TIM,5.0
TIP,76.0
TIQ,2.0
TIR,12.0
TIU,2.0
TIV,16.0
TIZ,3.0
TJA,16.0
TJM,47.0
TJQ,2.0
TJU,8.0
TKD,2.0
TKE,2.0
TKG,8.0
TKJ,2.0
TKK,4.0
TKP,2.0
TKS,6.0
TKU,26.0
TKX,5.0
TLA,6.0
TLC,22.0
TLE,6.0
TLH,20.0
TLJ,2.0
TLL,125.0
TLM,8.0
TLN,12.0
TLS,164.0
TLT,7.0
TLV,252.0
TLY,2.0
TMC,5.0
TME,4.0
TMI,10.0
TMJ,4.0
TML,2.0
TMM,16.0
TMP,36.0
TMR,2.0
TMS,9.0
TMT,8.0
TMU,4.0
TMW,4.0
TNA,290.0
TNC,2.0
TNG,32.0
TNJ,4.0
TNK,5.0
TNO,4.0
TNR,59.0
TOD,4.0
TOE,6.0
TOF,10.0
TOH,4.0
TOL,4.0
TOS,43.0
TOU,2.0
TOY,20.0
TPA,193.0
TPE,595.0
TPP,12.0
TPQ,4.0
TPS,62.0
TQL,4.0
TRC,14.0
TRD,80.0
TRE,2.0
TRF,73.0
TRG,6.0
TRI,12.0
TRK,10.0
TRN,98.0
TRO,4.0
TRS,34.0
TRU,4.0
TRV,82.0
TRW,2.0
TRZ,24.0
TSA,98.0
TSE,101.0
TSF,84.0
TSJ,6.0
TSN,222.0
TSO,2.0
TSR,87.0
TST,4.0
TSV,44.0
TTE,12.0
TTJ,2.0
TTT,4.0
TUA,2.0
TUB,6.0
TUC,6.0
TUF,10.0
TUG,6.0
TUI,2.0
TUK,12.0
TUL,53.0
TUN,172.0
TUO,6.0
TUP,4.0
TUR,8.0
TUS,40.0
TUU,12.0
TVC,10.0
TVF,4.0
TVS,8.0
TVU,6.0
TVY,14.0
TWB,8.0
TWF,2.0
TWT,4.0
TWU,14.0
TXK,2.0
TXL,343.0
TXN,34.0
TYF,4.0
TYL,2.0
TYN,231.0
TYR,4.0
TYS,44.0
TZA,6.0
TZX,18.0
UAH,6.0
UAK,10.0
UAP,6.0
UAQ,5.0
UAS,4.0
UBA,8.0
UBJ,4.0
UBP,8.0
UCT,6.0
UDI,37.0
UDJ,2.0
UDR,14.0
UEL,4.0
UEO,2.0
UET,19.0
UFA,57.0
UGC,15.0
UGI,2.0
UIB,14.0
UIH,6.0
UII,2.0
UIN,2.0
UIO,83.0
UIP,2.0
UKB,20.0
UKK,13.0
UKX,2.0
ULG,7.0
ULH,2.0
ULK,2.0
ULN,69.0
ULO,4.0
ULP,4.0
ULY,2.0
ULZ,2.0
UMD,2.0
UME,16.0
UNG,12.0
UNK,24.0
UPG,105.0
UPN,4.0
URA,10.0
URC,328.0
URE,4.0
URG,6.0
URJ,2.0
URT,8.0
URY,4.0
USH,22.0
USK,6.0
USM,45.0
USN,6.0
USU,14.0
UTH,10.0
UTN,4.0
UTP,4.0
UTS,2.0
UTT,2.0
UUA,8.0
UUD,22.0
UUS,44.0
UVE,4.0
UVF,20.0
UYL,7.0
UYN,16.0
UYU,2.0
VAA,21.0
VAG,10.0
VAI,3.0
VAK,4.0
VAN,8.0
VAO,4.0
VAR,8.0
VAS,6.0
VAW,6.0
VBM,2.0
VBV,2.0
VBY,14.0
VCA,6.0
VCE,266.0
VCL,4.0
VCP,100.0
VCS,8.0
VCT,2.0
VDA,7.0
VDB,2.0
VDC,12.0
VDE,10.0
VDH,4.0
VDM,2.0
VDS,12.0
VDZ,6.0
VEE,6.0
VEL,8.0
VER,28.0
VFA,8.0
VGA,12.0
VGO,24.0
VGZ,2.0
VHC,4.0
VHM,8.0
VIE,601.0
VIG,4.0
VII,8.0
VIL,4.0
VIS,12.0
VIX,54.0
VKG,4.0
VKO,110.0
VKT,2.0
VLC,170.0
VLD,2.0
VLI,61.0
VLL,16.0
VLN,20.0
VLS,2.0
VLV,2.0
VLY,2.0
VNO,95.0
VNS,29.0
VNX,9.0
VOG,14.0
VOL,6.0
VOZ,12.0
VPE,10.0
VPS,14.0
VPY,4.0
VQS,8.0
VRA,22.0
VRC,2.0
VRK,4.0
VRN,100.0
VSA,26.0
VST,10.0
VTE,48.0
VTZ,44.0
VUP,4.0
VUS,2.0
VVC,14.0
VVI,31.0
VVO,83.0
VVZ,2.0
VXC,2.0
VXE,16.0
VXO,12.0
WAA,9.0
WAE,4.0
WAG,6.0
WAT,8.0
WAW,264.0
WBB,12.0
WBM,2.0
WBQ,4.0
WDH,37.0
WEF,10.0
WEH,63.0
WEI,4.0
WGA,6.0
WHK,2.0
WIC,4.0
WIL,6.0
WIN,4.0
WJR,5.0
WJU,2.0
WKA,2.0
WKJ,4.0
WLG,66.0
WLH,2.0
WLK,4.0
WLS,6.0
WMI,56.0
WMN,8.0
WMO,8.0
WMR,2.0
WNA,2.0
WNH,4.0
WNN,6.0
WNP,6.0
WNR,4.0
WNS,4.0
WNZ,147.0
WRE,4.0
WRG,4.0
WRL,6.0
WRO,80.0
WRY,4.0
WST,2.0
WSX,4.0
WSZ,2.0
WTK,5.0
WTL,4.0
WUA,8.0
WUH,363.0
WUS,22.0
WUX,88.0
WUZ,6.0
WVB,6.0
WWK,8.0
WWP,2.0
WWT,4.0
WXN,18.0
WYA,2.0
XAP,20.0
XBE,6.0
XBJ,4.0
XCH,4.0
XCR,6.0
XFN,18.0
XGR,2.0
XIC,8.0
XIL,10.0
XIY,584.0
XKH,2.0
XKS,10.0
XMH,4.0
XMN,426.0
XMS,2.0
XNA,38.0
XNN,79.0
XQP,4.0
XRY,43.0
XSC,4.0
XTG,2.0
XUZ,36.0
YAA,2.0
YAB,4.0
YAC,4.0
YAG,4.0
YAK,4.0
YAM,8.0
YAP,4.0
YAT,4.0
YAX,6.0
YAY,8.0
YBC,8.0
YBG,8.0
YBK,11.0
YBL,12.0
YBP,15.0
YBX,6.0
YCB,12.0
YCD,2.0
YCG,4.0
YCK,4.0
YCL,4.0
YCO,10.0
YCS,12.0
YCU,34.0
YCY,8.0
YDA,6.0
YDF,15.0
YDL,1.0
YDP,8.0
YDQ,4.0
YEG,139.0
YEK,16.0
YER,4.0
YES,2.0
YEV,20.0
YFA,4.0
YFB,36.0
YFC,8.0
YFH,6.0
YFJ,2.0
YFO,7.0
YFS,4.0
YFX,4.0
YGH,6.0
YGJ,6.0
YGK,2.0
YGL,6.0
YGP,4.0
YGQ,4.0
YGR,6.0
YGT,10.0
YGV,2.0
YGW,12.0
YGX,4.0
YGZ,2.0
YHA,4.0
YHD,7.0
YHG,2.0
YHI,4.0
YHK,10.0
YHM,10.0
YHO,10.0
YHP,4.0
YHR,10.0
YHU,12.0
YHY,6.0
YHZ,80.0
YIE,2.0
YIF,6.0
YIH,34.0
YIK,4.0
YIN,10.0
YIO,6.0
YIW,31.0
YJT,2.0
YKA,10.0
YKF,6.0
YKG,6.0
YKL,10.0
YKM,6.0
YKQ,10.0
YKS,47.0
YKU,6.0
YLC,2.0
YLE,2.0
YLH,4.0
YLL,2.0
YLW,23.0
YMH,4.0
YMK,2.0
YMM,19.0
YMN,10.0
YMO,4.0
YMT,8.0
YNA,8.0
YNB,12.0
YNC,4.0
YNG,4.0
YNJ,32.0
YNO,4.0
YNP,9.0
YNS,4.0
YNT,100.0
YNY,2.0
YNZ,18.0
YOC,4.0
YOG,4.0
YOJ,4.0
YOL,2.0
YOP,4.0
YOW,122.0
YPC,2.0
YPH,6.0
YPJ,5.0
YPL,2.0
YPM,10.0
YPO,2.0
YPR,4.0
YPW,2.0
YPX,10.0
YPY,4.0
YQB,53.0
YQC,4.0
YQD,8.0
YQF,4.0
YQG,6.0
YQK,6.0
YQL,2.0
YQM,16.0
YQQ,16.0
YQR,37.0
YQT,35.0
YQU,8.0
YQX,6.0
YQY,6.0
YQZ,8.0
YRA,2.0
YRB,4.0
YRG,8.0
YRJ,6.0
YRL,17.0
YRT,48.0
YSB,14.0
YSG,2.0
YSJ,6.0
YSK,4.0
YSM,8.0
YSO,10.0
YSY,2.0
YTE,6.0
YTF,5.0
YTH,10.0
YTL,11.0
YTQ,4.0
YTS,13.0
YTY,14.0
YTZ,28.0
YUB,2.0
YUD,6.0
YUL,351.0
YUM,4.0
YUS,2.0
YUT,8.0
YUX,8.0
YUY,9.0
YVA,2.0
YVB,9.0
YVM,4.0
YVO,11.0
YVP,17.0
YVQ,15.0
YVR,343.0
YVZ,6.0
YWB,4.0
YWG,80.0
YWH,2.0
YWJ,5.0
YWK,35.0
YWL,10.0
YWM,4.0
YWP,5.0
YXC,6.0
YXE,31.0
YXH,2.0
YXJ,8.0
YXL,36.0
YXN,12.0
YXP,8.0
YXS,15.0
YXT,11.0
YXU,12.0
YXX,4.0
YXY,14.0
YYB,12.0
YYC,225.0
YYD,10.0
YYE,8.0
YYF,2.0
YYG,10.0
YYH,8.0
YYJ,24.0
YYQ,12.0
YYR,33.0
YYT,42.0
YYU,4.0
YYY,10.0
YYZ,658.0
YZF,55.0
YZG,6.0
YZP,2.0
YZR,2.0
YZS,10.0
YZT,4.0
YZV,27.0
YZY,4.0
YZZ,2.0
ZAD,30.0
ZAG,92.0
ZAH,26.0
ZAL,2.0
ZAM,30.0
ZAT,4.0
ZAZ,24.0
ZBF,2.0
ZBL,2.0
ZBR,16.0
ZCL,8.0
ZCO,8.0
ZEL,2.0
ZEM,4.0
ZFM,2.0
ZFN,4.0
ZGS,6.0
ZGU,4.0
ZHA,22.0
ZHY,4.0
ZIG,2.0
ZIH,14.0
ZKE,4.0
ZKG,4.0
ZLO,8.0
ZLT,4.0
ZMT,2.0
ZNE,6.0
ZNZ,31.0
ZOS,2.0
ZPB,4.0
ZQN,26.0
ZQW,14.0
ZRH,565.0
ZRJ,6.0
ZSA,6.0
ZSE,8.0
ZSJ,10.0
ZTA,2.0
ZTB,4.0
ZTH,25.0
ZTU,4.0
ZUH,67.0
ZUM,4.0
ZVK,6.0
ZYI,4.0
ZYL,8.0
